Zhi Jia,LIN ZHI JIA,S97030947W
Yeo Yong Jun,YEO YONG JUN,S97036963P
Ian Yang Han Jun,IAN YANG HAN JUN,S97036650N
Wendy Low Yu Shi,WENDY LOW YU SHI,S97033599O
Tan Song Kang,TAN SONG KANG,S97038603L
Jandinero Lee Jia,JANDINERO LEE JIA,S97039669I
Wang Han,WANG HAN,S97030577K
Ang Qi Yan,ANG QI YAN,S97039009V
Wong Ki Chee,,
roger lee chong,ROGER LEE CHONG,S97035564S
Lee Jun Jie,LEE JUN JIE,S97037900I
Yee Eldo,ELDO WANG MING YEE,S97032468O
Haruun Bin Lesa,HARUUN BIN LESA,S97032481A
Lim Seng Chee,LIM SENG CHEE,S97039475D
Lee Han Wen,LEE HAN WEN,S97038614H
Chee Kow,LIM CHEE KOW,S97032588L
Tan Ke Zhi,TAN KE ZHI,S97038146W
Zhou Wei Chee,ZHOU WEI CHEE,S97037169C
Janet Toh,JANET TOH YAN JUNG,S97039946O
